"","CountryCode","C1_School_closing","C2_Workplace_closing","C3_Cancel_public_events","C4_Restrictions_on_gatherings","C5_Close_public_transport","C6_Stay_at_home_requirements","C7_Restrictions_on_internal_movement","C8_International_travel_controls","E1_Income_support","E2_Debt_contract_relief","H1_Public_information_campaigns","H2_Testing_policy","H3_Contact_tracing","StringencyIndex","Days","Government","Domestic_ConfirmedCases","Domestic_DailyConfirmed","Capital_ConfirmedCases","Capital_DailyConfirmed","NonCapital_ConfirmedCases","NonCapital_DailyConfirmed"
"1","KOR",0,0,0,0,0,0,0,0,0,0,0,0,0,0,1,33.3333333333333,1,1,1,1,0,0
"2","KOR",0,0,0,0,0,0,0,0,0,0,0,33.33333333,0,0,2,33.3333333333333,1,0,1,0,0,0
"3","KOR",0,0,0,0,0,0,0,0,0,0,0,33.33333333,0,0,3,33.3333333333333,1,0,1,0,0,0
"4","KOR",0,0,0,0,0,0,0,0,0,0,0,33.33333333,0,0,4,33.3333333333333,1,0,1,0,0,0
"5","KOR",0,0,0,0,0,0,0,0,0,0,0,33.33333333,0,0,5,33.3333333333333,2,1,2,1,0,0
"6","KOR",0,0,0,0,0,0,0,0,0,0,0,33.33333333,0,0,6,33.3333333333333,2,0,2,0,0,0
"7","KOR",0,0,0,0,0,0,0,0,0,0,0,33.33333333,0,0,7,33.3333333333333,3,1,3,1,0,0
"8","KOR",0,0,0,0,0,0,0,0,0,0,0,33.33333333,0,0,8,33.3333333333333,4,1,4,1,0,0
"9","KOR",0,0,0,0,0,0,0,0,0,0,0,33.33333333,0,0,9,33.3333333333333,4,0,4,0,0,0
"10","KOR",0,0,0,0,0,0,0,0,0,0,0,33.33333333,50,0,10,33.3333333333333,4,0,4,0,0,0
"11","KOR",0,0,0,0,0,0,0,0,0,0,0,33.33333333,50,0,11,33.3333333333333,7,3,7,3,0,0
"12","KOR",0,0,33.33333333,0,0,0,0,0,0,0,0,33.33333333,50,2.78,12,33.3333333333333,11,4,10,3,1,1
"13","KOR",0,0,33.33333333,0,0,0,0,0,0,0,100,33.33333333,50,13.89,13,33.3333333333333,12,1,11,1,1,0
"14","KOR",0,0,33.33333333,0,0,0,0,0,0,0,100,33.33333333,50,13.89,14,33.3333333333333,15,3,14,3,1,0
"15","KOR",50,0,33.33333333,0,0,0,0,0,0,0,100,33.33333333,50,19.44,15,33.3333333333333,15,0,14,0,1,0
"16","KOR",50,0,33.33333333,0,0,0,0,60,0,0,100,33.33333333,50,27.78,16,33.3333333333333,16,1,14,0,2,1
"17","KOR",50,0,33.33333333,0,0,0,0,60,0,0,100,33.33333333,50,27.78,17,33.3333333333333,18,2,16,2,2,0
"18","KOR",75,0,33.33333333,0,0,0,0,60,0,0,100,33.33333333,50,31.48,18,33.3333333333333,23,5,21,5,2,0
"19","KOR",75,0,33.33333333,0,0,0,0,60,0,0,100,100,50,31.48,19,33.3333333333333,24,1,22,1,2,0
"20","KOR",75,0,33.33333333,0,0,0,0,60,0,0,100,100,50,31.48,20,33.3333333333333,24,0,22,0,2,0
"21","KOR",75,0,33.33333333,0,0,0,0,60,0,0,100,100,50,31.48,21,33.3333333333333,27,3,25,3,2,0
"22","KOR",75,0,33.33333333,0,0,0,0,60,0,0,100,100,50,31.48,22,33.3333333333333,27,0,25,0,2,0
"23","KOR",75,0,33.33333333,0,0,0,0,60,0,0,100,100,100,31.48,23,33.3333333333333,29,2,27,2,2,0
"24","KOR",75,0,33.33333333,0,0,0,0,60,0,0,100,100,100,31.48,24,33.3333333333333,29,0,27,0,2,0
"25","KOR",75,0,33.33333333,0,0,0,0,60,0,0,100,100,100,31.48,25,33.3333333333333,29,0,27,0,2,0
"26","KOR",75,0,33.33333333,0,0,0,0,60,0,0,100,100,100,31.48,26,33.3333333333333,29,0,27,0,2,0
"27","KOR",75,0,33.33333333,0,0,0,0,60,0,0,100,100,100,31.48,27,33.3333333333333,29,0,27,0,2,0
"28","KOR",75,0,33.33333333,0,0,0,0,60,0,0,100,100,100,31.48,28,33.3333333333333,29,0,27,0,2,0
"29","KOR",75,0,33.33333333,0,0,0,0,60,0,0,100,100,100,31.48,29,33.3333333333333,29,0,27,0,2,0
"30","KOR",75,0,33.33333333,0,0,0,0,60,0,0,100,100,100,31.48,30,83.3333333333333,30,1,27,0,3,1
"31","KOR",75,0,33.33333333,0,0,0,0,60,0,0,100,100,100,31.48,31,83.3333333333333,52,22,34,7,18,15
"32","KOR",75,0,33.33333333,0,0,0,0,60,0,0,100,100,100,31.48,32,83.3333333333333,104,52,36,2,68,50
"33","KOR",75,0,100,60,0,0,0,60,0,0,100,100,100,45.37,33,83.3333333333333,203,99,43,7,160,92
"34","KOR",75,0,100,60,0,0,0,60,0,0,100,100,100,45.37,34,83.3333333333333,432,229,52,9,380,220
"35","KOR",75,0,100,60,0,25,33.33333333,60,0,0,100,100,100,50,35,83.3333333333333,600,168,57,5,543,163
"36","KOR",100,50,100,60,0,25,33.33333333,60,0,0,100,100,100,55.56,36,83.3333333333333,831,231,72,15,759,216
"37","KOR",100,50,100,60,0,25,33.33333333,60,0,0,100,100,100,55.56,37,83.3333333333333,975,144,85,13,890,131
"38","KOR",100,50,100,60,0,25,33.33333333,60,0,0,100,100,100,55.56,38,83.3333333333333,1259,284,103,18,1156,266
"39","KOR",100,50,100,60,0,25,33.33333333,60,0,0,100,100,100,55.56,39,83.3333333333333,1764,505,121,18,1643,487
"40","KOR",100,50,100,60,0,25,33.33333333,60,0,0,100,100,100,55.56,40,83.3333333333333,2335,571,138,17,2197,554
"41","KOR",100,50,100,60,0,25,33.33333333,60,0,0,100,100,100,55.56,41,83.3333333333333,3148,813,165,27,2983,786
"42","KOR",100,50,100,60,0,25,33.33333333,60,0,0,100,100,100,55.56,42,83.3333333333333,3734,586,182,17,3552,569
"43","KOR",100,50,100,60,0,25,33.33333333,60,0,0,100,100,100,55.56,43,83.3333333333333,4210,476,190,8,4020,468
"44","KOR",100,50,100,60,0,25,33.33333333,60,0,0,100,100,100,55.56,44,83.3333333333333,4809,599,199,9,4610,590
"45","KOR",100,50,100,60,0,25,33.33333333,60,0,0,100,100,100,55.56,45,83.3333333333333,5324,515,209,10,5115,505
"46","KOR",100,50,100,60,0,25,33.33333333,60,0,0,100,100,100,55.56,46,83.3333333333333,5762,438,222,13,5540,425
"47","KOR",100,50,100,60,0,25,33.33333333,60,0,0,100,100,100,55.56,47,83.3333333333333,6280,518,234,12,6046,506
"48","KOR",100,50,100,60,0,25,33.33333333,60,0,0,100,100,100,55.56,48,83.3333333333333,6763,483,247,13,6516,470
"49","KOR",100,50,100,60,0,25,33.33333333,60,0,0,100,100,100,55.56,49,83.3333333333333,7130,367,270,23,6860,344
"50","KOR",100,50,100,60,0,25,33.33333333,60,0,0,100,100,100,55.56,50,83.3333333333333,7378,248,292,22,7086,226
"51","KOR",100,50,100,60,0,25,33.33333333,60,0,0,100,100,100,55.56,51,83.3333333333333,7509,131,317,25,7192,106
"52","KOR",100,50,100,60,0,25,33.33333333,60,0,0,100,100,100,55.56,52,83.3333333333333,7751,242,393,76,7358,166
"53","KOR",100,50,100,60,0,25,33.33333333,60,0,0,100,100,100,55.56,53,83.3333333333333,7865,114,415,22,7450,92
"54","KOR",100,50,100,60,0,25,33.33333333,60,0,0,100,100,100,55.56,54,83.3333333333333,7975,110,437,22,7538,88
"55","KOR",100,50,100,60,0,25,33.33333333,60,0,0,100,100,100,55.56,55,83.3333333333333,8082,107,466,29,7616,78
"56","KOR",100,50,100,60,0,25,33.33333333,60,0,0,100,100,100,55.56,56,83.3333333333333,8158,76,488,22,7670,54
"57","KOR",100,50,100,60,0,25,33.33333333,60,0,0,100,100,100,55.56,57,83.3333333333333,8228,70,514,26,7714,44
"58","KOR",100,50,100,60,0,25,33.33333333,60,0,50,100,100,100,55.56,58,83.3333333333333,8310,82,558,44,7752,38
"59","KOR",100,50,100,60,0,25,33.33333333,60,0,50,100,100,100,55.56,59,83.3333333333333,8398,88,579,21,7819,67
"60","KOR",100,50,100,60,0,25,33.33333333,60,0,50,100,100,100,55.56,60,83.3333333333333,8545,147,609,30,7936,117
"61","KOR",100,50,100,60,0,25,33.33333333,60,0,50,100,100,100,55.56,61,83.3333333333333,8631,86,644,35,7987,51
"62","KOR",100,50,100,60,0,75,100,60,0,50,100,100,100,69.44,62,83.3333333333333,8772,141,675,31,8097,110
"63","KOR",100,75,100,80,0,75,100,60,0,50,100,100,100,75.93,63,66.6666666666667,8859,87,701,26,8158,61
"64","KOR",100,75,100,80,0,75,100,60,0,50,100,100,100,75.93,64,66.6666666666667,8910,51,721,20,8189,31
"65","KOR",100,75,100,80,0,75,100,60,0,50,100,100,100,75.93,65,66.6666666666667,8966,56,741,20,8225,36
"66","KOR",100,75,100,80,0,75,100,60,0,50,100,100,100,75.93,66,66.6666666666667,9030,64,776,35,8254,29
"67","KOR",100,75,100,80,0,75,100,60,0,50,100,100,100,75.93,67,66.6666666666667,9104,74,804,28,8300,46
"68","KOR",100,75,100,80,0,75,100,60,0,50,100,100,100,75.93,68,66.6666666666667,9181,77,830,26,8351,51
"69","KOR",100,75,100,80,0,75,100,60,0,50,100,100,100,75.93,69,66.6666666666667,9302,121,874,44,8428,77
"70","KOR",100,75,100,80,0,75,100,60,0,50,100,100,100,75.93,70,66.6666666666667,9386,84,916,42,8470,42
"71","KOR",100,75,100,80,0,75,100,80,66.66666667,50,100,100,100,75.93,71,66.6666666666667,9450,64,947,31,8503,33
"72","KOR",100,75,100,80,0,75,100,80,66.66666667,50,100,100,100,75.93,72,66.6666666666667,9560,110,990,43,8570,67
"73","KOR",100,75,100,80,0,75,100,80,66.66666667,50,100,100,100,75.93,73,66.6666666666667,9654,94,1042,52,8612,42
"74","KOR",100,75,100,80,0,75,100,80,66.66666667,50,100,100,100,75.93,74,66.6666666666667,9725,71,1077,35,8648,36
"75","KOR",100,75,100,80,0,75,100,80,66.66666667,50,100,100,100,75.93,75,66.6666666666667,9789,64,1119,42,8670,22
"76","KOR",100,75,100,100,0,75,100,80,66.66666667,50,100,100,100,78.7,76,66.6666666666667,9868,79,1167,48,8701,31
"77","KOR",100,75,100,100,0,75,100,80,66.66666667,50,100,100,100,78.7,77,66.6666666666667,9922,54,1203,36,8719,18
"78","KOR",100,100,100,100,0,75,100,80,66.66666667,50,100,100,100,82.41,78,66.6666666666667,9962,40,1223,20,8739,20
"79","KOR",100,100,100,100,0,75,100,80,66.66666667,50,100,100,100,82.41,79,66.6666666666667,9995,33,1237,14,8758,19
"80","KOR",100,100,100,100,0,75,100,80,66.66666667,50,100,100,100,82.41,80,66.6666666666667,10034,39,1258,21,8776,18
"81","KOR",100,100,100,100,0,75,100,80,66.66666667,50,100,100,100,82.41,81,66.6666666666667,10063,29,1280,22,8783,7
"82","KOR",100,100,100,100,0,75,100,80,66.66666667,50,100,100,100,82.41,82,66.6666666666667,10086,23,1295,15,8791,8
"83","KOR",100,100,100,100,0,75,100,80,66.66666667,50,100,100,100,82.41,83,66.6666666666667,10110,24,1308,13,8802,11
"84","KOR",100,100,100,100,0,75,100,80,66.66666667,50,100,100,100,82.41,84,66.6666666666667,10124,14,1316,8,8808,6
"85","KOR",100,100,100,100,0,75,100,80,66.66666667,50,100,100,100,82.41,85,66.6666666666667,10143,19,1328,12,8815,7
"86","KOR",100,100,100,100,0,75,100,80,66.66666667,50,100,100,100,82.41,86,66.6666666666667,10163,20,1339,11,8824,9
"87","KOR",100,100,100,100,0,75,100,80,66.66666667,50,100,100,100,82.41,87,66.6666666666667,10185,22,1350,11,8835,11
"88","KOR",100,100,100,100,0,75,100,80,66.66666667,50,100,100,100,82.41,88,66.6666666666667,10203,18,1356,6,8847,12
"89","KOR",100,100,100,100,0,75,100,80,66.66666667,50,100,100,100,82.41,89,66.6666666666667,10214,11,1360,4,8854,7
"90","KOR",100,100,100,100,0,50,66.66666667,80,66.66666667,50,100,100,100,73.15,90,66.6666666666667,10228,14,1366,6,8862,8
"91","KOR",100,100,100,100,0,50,66.66666667,80,66.66666667,50,100,100,100,73.15,91,66.6666666666667,10234,6,1369,3,8865,3
"92","KOR",100,75,66.66666667,0,0,0,0,80,66.66666667,50,100,100,100,43.52,92,50,10243,9,1372,3,8871,6
"93","KOR",100,75,66.66666667,0,0,0,0,80,66.66666667,50,100,100,100,43.52,93,50,10249,6,1376,4,8873,2
"94","KOR",100,75,66.66666667,0,0,0,0,80,66.66666667,50,100,100,100,43.52,94,50,10258,9,1378,2,8880,7
"95","KOR",100,75,66.66666667,0,0,0,0,80,66.66666667,50,100,100,100,43.52,95,50,10264,6,1379,1,8885,5
"96","KOR",100,75,66.66666667,0,0,0,0,80,66.66666667,50,100,100,100,43.52,96,50,10269,5,1380,1,8889,4
"97","KOR",100,75,66.66666667,0,0,0,0,80,66.66666667,50,100,100,100,43.52,97,50,10275,6,1383,3,8892,3
"98","KOR",100,75,66.66666667,0,0,0,0,80,66.66666667,50,100,100,100,43.52,98,50,10284,9,1389,6,8895,3
"99","KOR",100,75,66.66666667,0,0,0,0,80,66.66666667,50,100,100,100,43.52,99,50,10289,5,1392,3,8897,2
"100","KOR",100,75,66.66666667,0,0,0,0,80,66.66666667,50,100,100,100,43.52,100,50,10300,11,1400,8,8900,3
"101","KOR",100,75,66.66666667,0,0,0,0,80,66.66666667,50,100,100,100,43.52,101,50,10306,6,1402,2,8904,4
"102","KOR",100,75,66.66666667,0,0,0,0,80,66.66666667,50,100,100,100,43.52,102,50,10306,0,1402,0,8904,0
"103","KOR",100,75,66.66666667,0,0,0,0,80,66.66666667,50,100,100,100,43.52,103,50,10311,5,1406,4,8905,1
"104","KOR",100,75,66.66666667,0,0,0,0,80,66.66666667,50,100,100,100,43.52,104,50,10314,3,1408,2,8906,1
"105","KOR",100,75,66.66666667,0,0,0,0,80,66.66666667,50,100,100,100,43.52,105,50,10322,8,1412,4,8910,4
"106","KOR",100,75,66.66666667,0,0,0,0,80,66.66666667,50,100,100,100,43.52,106,50,10326,4,1414,2,8912,2
"107","KOR",100,75,66.66666667,0,0,0,0,80,66.66666667,50,100,100,100,43.52,107,50,10327,1,1415,1,8912,0
"108","KOR",100,75,66.66666667,0,0,0,0,80,66.66666667,50,100,100,100,43.52,108,33.3333333333333,10327,0,1415,0,8912,0
"109","KOR",100,75,66.66666667,0,0,0,0,80,66.66666667,50,100,100,100,43.52,109,33.3333333333333,10330,3,1416,1,8914,2
"110","KOR",100,75,66.66666667,0,0,0,0,80,66.66666667,50,100,100,100,43.52,110,33.3333333333333,10339,9,1418,2,8921,7
"111","KOR",100,75,66.66666667,0,0,0,0,80,66.66666667,50,100,100,100,43.52,111,33.3333333333333,10357,18,1435,17,8922,1
"112","KOR",100,75,66.66666667,0,0,0,0,80,66.66666667,50,100,100,100,43.52,112,33.3333333333333,10384,27,1458,23,8926,4
"113","KOR",100,75,66.66666667,0,0,0,0,80,66.66666667,50,100,100,100,43.52,113,33.3333333333333,10416,32,1485,27,8931,5
"114","KOR",100,75,66.66666667,0,0,0,0,80,66.66666667,50,100,100,100,43.52,114,33.3333333333333,10442,26,1506,21,8936,5
"115","KOR",100,75,66.66666667,0,0,0,0,80,66.66666667,50,100,100,100,43.52,115,33.3333333333333,10467,25,1522,16,8945,9
"116","KOR",100,75,66.66666667,0,0,0,0,80,66.66666667,50,100,100,100,43.52,116,33.3333333333333,10496,29,1544,22,8952,7
"117","KOR",100,75,66.66666667,0,0,0,0,80,66.66666667,50,100,100,100,43.52,117,33.3333333333333,10522,26,1566,22,8956,4
"118","KOR",100,75,66.66666667,0,0,0,0,80,66.66666667,50,100,100,100,43.52,118,33.3333333333333,10533,11,1575,9,8958,2
"119","KOR",100,75,66.66666667,0,0,0,0,80,66.66666667,50,100,100,100,43.52,119,33.3333333333333,10542,9,1580,5,8962,4
"120","KOR",100,75,66.66666667,0,0,0,0,80,66.66666667,50,100,100,100,43.52,120,33.3333333333333,10550,8,1584,4,8966,4
"121","KOR",100,75,66.66666667,0,0,0,0,80,66.66666667,50,100,100,100,43.52,121,33.3333333333333,10563,13,1593,9,8970,4
"122","KOR",75,75,66.66666667,0,0,0,0,80,66.66666667,50,100,100,100,39.81,122,33.3333333333333,10593,30,1621,28,8972,2
"123","KOR",75,75,66.66666667,0,0,0,0,80,66.66666667,50,100,100,100,39.81,123,33.3333333333333,10604,11,1631,10,8973,1
"124","KOR",75,75,66.66666667,0,0,0,0,80,66.66666667,50,100,100,100,39.81,124,33.3333333333333,10617,13,1640,9,8977,4
"125","KOR",75,75,66.66666667,0,0,0,0,80,66.66666667,50,100,100,100,39.81,125,33.3333333333333,10637,20,1657,17,8980,3
"126","KOR",75,75,66.66666667,0,0,0,0,80,66.66666667,50,100,100,100,39.81,126,33.3333333333333,10658,21,1671,14,8987,7
"127","KOR",75,75,66.66666667,0,0,0,0,80,66.66666667,50,100,100,100,39.81,127,33.3333333333333,10673,15,1684,13,8989,2
"128","KOR",75,75,66.66666667,0,0,0,0,80,66.66666667,50,100,100,100,39.81,128,33.3333333333333,10690,17,1698,14,8992,3
"129","KOR",75,75,66.66666667,0,0,0,0,80,66.66666667,50,100,100,100,39.81,129,33.3333333333333,10729,39,1734,36,8995,3
"130","KOR",75,75,66.66666667,0,0,0,0,80,66.66666667,50,100,100,100,39.81,130,33.3333333333333,10801,72,1801,67,9000,5
"131","KOR",75,50,66.66666667,80,0,25,33.33333333,80,66.66666667,50,100,100,100,56.94,131,33.3333333333333,10859,58,1859,58,9000,0
"132","KOR",75,50,66.66666667,80,0,25,33.33333333,80,66.66666667,50,100,100,100,56.94,132,33.3333333333333,10893,34,1886,27,9007,7
"133","KOR",75,50,66.66666667,80,0,25,33.33333333,80,66.66666667,50,100,100,100,56.94,133,33.3333333333333,10919,26,1907,21,9012,5
"134","KOR",75,50,66.66666667,80,0,25,33.33333333,80,66.66666667,50,100,100,100,56.94,134,33.3333333333333,10952,33,1938,31,9014,2
"135","KOR",75,50,66.66666667,80,0,25,33.33333333,80,66.66666667,50,100,100,100,56.94,135,33.3333333333333,10989,37,1975,37,9014,0
"136","KOR",75,50,66.66666667,80,0,25,33.33333333,80,66.66666667,50,100,100,100,56.94,136,33.3333333333333,11038,49,2023,48,9015,1
"137","KOR",75,50,66.66666667,80,0,25,33.33333333,80,66.66666667,50,100,100,100,56.94,137,33.3333333333333,11075,37,2059,36,9016,1
"138","KOR",75,50,66.66666667,80,0,25,33.33333333,80,66.66666667,50,100,100,100,56.94,138,33.3333333333333,11113,38,2093,34,9020,4
"139","KOR",75,50,66.66666667,80,0,25,33.33333333,80,66.66666667,50,100,100,100,56.94,139,33.3333333333333,11159,46,2135,42,9024,4
"140","KOR",75,50,66.66666667,80,0,25,33.33333333,80,66.66666667,50,100,100,100,56.94,140,33.3333333333333,11214,55,2187,52,9027,3
"141","KOR",75,50,66.66666667,80,0,25,33.33333333,80,66.66666667,50,100,100,100,56.94,141,33.3333333333333,11249,35,2221,34,9028,1
"142","KOR",75,50,66.66666667,80,0,25,33.33333333,80,66.66666667,50,100,100,100,56.94,142,33.3333333333333,11287,38,2256,35,9031,3
"143","KOR",75,50,66.66666667,80,0,25,33.33333333,80,66.66666667,50,100,100,100,56.94,143,33.3333333333333,11331,44,2297,41,9034,3
"144","KOR",75,50,66.66666667,80,0,25,33.33333333,80,66.66666667,50,100,100,100,56.94,144,33.3333333333333,11374,43,2340,43,9034,0
"145","KOR",75,50,66.66666667,80,0,25,33.33333333,80,66.66666667,50,100,100,100,56.94,145,33.3333333333333,11420,46,2385,45,9035,1
"146","KOR",75,50,66.66666667,80,0,25,33.33333333,80,66.66666667,50,100,100,100,56.94,146,33.3333333333333,11467,47,2428,43,9039,4
"147","KOR",75,50,66.66666667,80,0,25,33.33333333,80,66.66666667,50,100,100,100,56.94,147,33.3333333333333,11500,33,2458,30,9042,3
"148","KOR",75,50,66.66666667,80,0,25,33.33333333,80,66.66666667,50,100,100,100,56.94,148,33.3333333333333,11529,29,2483,25,9046,4
"149","KOR",75,50,66.66666667,80,0,25,33.33333333,80,66.66666667,50,100,100,100,56.94,149,33.3333333333333,11554,25,2502,19,9052,6
"150","KOR",75,50,66.66666667,80,0,25,33.33333333,80,66.66666667,50,100,100,100,56.94,150,33.3333333333333,11589,35,2530,28,9059,7
"151","KOR",75,50,66.66666667,80,0,25,33.33333333,80,66.66666667,50,100,100,100,56.94,151,33.3333333333333,11644,55,2572,42,9072,13
"152","KOR",75,50,66.66666667,80,0,25,33.33333333,80,66.66666667,50,100,100,100,56.94,152,33.3333333333333,11679,35,2601,29,9078,6
"153","KOR",75,50,66.66666667,80,0,25,33.33333333,80,66.66666667,50,100,100,100,56.94,153,33.3333333333333,11728,49,2637,36,9091,13
"154","KOR",75,50,66.66666667,80,0,25,33.33333333,80,66.66666667,50,100,100,100,56.94,154,33.3333333333333,11772,44,2664,27,9108,17
"155","KOR",75,50,66.66666667,80,0,25,33.33333333,80,66.66666667,50,100,100,100,56.94,155,33.3333333333333,11789,17,2676,12,9113,5
"156","KOR",75,50,66.66666667,80,0,25,33.33333333,80,66.66666667,50,100,100,100,56.94,156,33.3333333333333,11809,20,2690,14,9119,6
"157","KOR",75,50,66.66666667,80,0,25,33.33333333,80,66.66666667,50,100,100,100,56.94,157,33.3333333333333,11848,39,2711,21,9137,18
"158","KOR",75,50,66.66666667,80,0,25,33.33333333,80,66.66666667,50,100,100,100,56.94,158,33.3333333333333,11872,24,2730,19,9142,5
"159","KOR",75,50,66.66666667,80,0,25,33.33333333,80,66.66666667,50,100,100,100,56.94,159,33.3333333333333,11904,32,2753,23,9151,9
"160","KOR",75,50,66.66666667,80,0,25,33.33333333,80,66.66666667,50,100,100,100,56.94,160,33.3333333333333,11944,40,2788,35,9156,5
"161","KOR",75,50,66.66666667,80,0,25,33.33333333,80,66.66666667,50,100,100,100,56.94,161,33.3333333333333,11990,46,2819,31,9171,15
"162","KOR",75,50,66.66666667,80,0,25,33.33333333,80,66.66666667,50,100,100,100,56.94,162,33.3333333333333,12027,37,2843,24,9184,13
"163","KOR",75,50,66.66666667,80,0,25,33.33333333,80,66.66666667,50,100,100,100,56.94,163,33.3333333333333,12057,30,2860,17,9197,13
"164","KOR",75,50,66.66666667,80,0,25,33.33333333,80,66.66666667,50,100,100,100,56.94,164,33.3333333333333,12121,64,2887,27,9234,37
"165","KOR",75,50,66.66666667,80,0,25,33.33333333,80,66.66666667,50,100,100,100,56.94,165,33.3333333333333,12173,52,2910,23,9263,29
"166","KOR",75,50,66.66666667,80,0,25,33.33333333,80,66.66666667,50,100,100,100,56.94,166,33.3333333333333,12232,59,2941,31,9291,28
"167","KOR",75,50,66.66666667,80,0,25,33.33333333,60,66.66666667,50,100,100,100,54.17,167,33.3333333333333,12277,45,2969,28,9308,17
"168","KOR",75,50,66.66666667,80,0,25,33.33333333,60,66.66666667,50,100,100,100,54.17,168,33.3333333333333,12329,52,2993,24,9336,28
"169","KOR",75,50,66.66666667,80,0,25,33.33333333,60,66.66666667,50,100,100,100,54.17,169,33.3333333333333,12360,31,3008,15,9352,16
"170","KOR",75,50,66.66666667,80,0,25,33.33333333,60,66.66666667,50,100,100,100,54.17,170,33.3333333333333,12388,28,3026,18,9362,10
"171","KOR",75,50,66.66666667,80,0,25,33.33333333,60,66.66666667,50,100,100,100,54.17,171,33.3333333333333,12440,52,3055,29,9385,23
"172","KOR",75,50,66.66666667,80,0,25,33.33333333,60,66.66666667,50,100,100,100,54.17,172,33.3333333333333,12484,44,3074,19,9410,25
"173","KOR",75,50,66.66666667,80,0,25,33.33333333,60,66.66666667,50,100,100,100,54.17,173,33.3333333333333,12525,41,3097,23,9428,18
"174","KOR",75,50,33.33333333,80,0,25,33.33333333,60,66.66666667,50,100,100,100,48.61,174,33.3333333333333,12552,27,3110,13,9442,14
"175","KOR",75,50,33.33333333,80,0,25,33.33333333,60,66.66666667,50,100,100,100,48.61,175,33.3333333333333,12584,32,3134,24,9450,8
"176","KOR",75,50,33.33333333,80,0,25,33.33333333,60,66.66666667,50,100,100,100,48.61,176,33.3333333333333,12628,44,3161,27,9467,17
"177","KOR",75,50,33.33333333,80,0,25,33.33333333,60,66.66666667,50,100,100,100,48.61,177,33.3333333333333,12649,21,3177,16,9472,5
"178","KOR",75,50,33.33333333,80,0,25,33.33333333,60,66.66666667,50,100,100,100,48.61,178,33.3333333333333,12665,16,3189,12,9476,4
"179","KOR",75,50,33.33333333,80,0,25,33.33333333,60,66.66666667,50,100,100,100,48.61,179,33.3333333333333,12706,41,3220,31,9486,10
"180","KOR",75,50,33.33333333,80,0,25,33.33333333,60,66.66666667,50,100,100,100,48.61,180,33.3333333333333,12741,35,3244,24,9497,11
"181","KOR",75,50,33.33333333,80,0,25,33.33333333,60,66.66666667,50,100,100,100,48.61,181,33.3333333333333,12768,27,3262,18,9506,9
"182","KOR",75,50,33.33333333,80,0,25,33.33333333,60,66.66666667,50,100,100,100,48.61,182,33.3333333333333,12795,27,3277,15,9518,12
"183","KOR",75,50,33.33333333,80,0,25,33.33333333,60,66.66666667,50,100,100,100,48.61,183,33.3333333333333,12811,16,3283,6,9528,10
"184","KOR",75,50,33.33333333,80,0,25,33.33333333,60,66.66666667,50,100,100,100,48.61,184,33.3333333333333,12838,27,3306,23,9532,4
"185","KOR",75,50,33.33333333,80,0,25,33.33333333,60,66.66666667,50,100,100,100,48.61,185,33.3333333333333,12882,44,3342,36,9540,8
"186","KOR",75,50,33.33333333,80,0,25,33.33333333,60,66.66666667,50,100,100,100,48.61,186,33.3333333333333,12936,54,3385,43,9551,11
"187","KOR",75,50,33.33333333,80,0,25,33.33333333,60,66.66666667,50,100,100,100,48.61,187,33.3333333333333,12974,38,3414,29,9560,9
"188","KOR",75,50,33.33333333,80,0,25,33.33333333,60,66.66666667,50,100,100,100,48.61,188,33.3333333333333,13006,32,3439,25,9567,7
"189","KOR",75,50,33.33333333,80,0,25,33.33333333,60,66.66666667,50,100,100,100,48.61,189,33.3333333333333,13022,16,3453,14,9569,2
"190","KOR",75,50,33.33333333,80,0,25,33.33333333,60,66.66666667,50,100,100,100,48.61,190,33.3333333333333,13040,18,3468,15,9572,3
"191","KOR",75,50,33.33333333,80,0,25,33.33333333,60,66.66666667,50,100,100,100,48.61,191,33.3333333333333,13058,18,3480,12,9578,6
"192","KOR",75,50,33.33333333,80,0,25,33.33333333,60,66.66666667,50,100,100,100,48.61,192,33.3333333333333,13085,27,3503,23,9582,4
"193","KOR",75,50,33.33333333,80,0,25,33.33333333,60,66.66666667,50,100,100,100,48.61,193,33.3333333333333,13095,10,3511,8,9584,2
"194","KOR",100,50,33.33333333,80,0,25,33.33333333,60,66.66666667,50,100,100,100,50.46,194,33.3333333333333,13119,24,3529,18,9590,6
"195","KOR",100,50,33.33333333,80,0,25,33.33333333,60,66.66666667,50,100,100,100,50.46,195,33.3333333333333,13131,12,3539,10,9592,2
"196","KOR",100,50,33.33333333,80,0,25,33.33333333,60,66.66666667,50,100,100,100,50.46,196,33.3333333333333,13144,13,3547,8,9597,5
"197","KOR",100,50,33.33333333,80,0,25,33.33333333,60,66.66666667,50,100,100,100,50.46,197,33.3333333333333,13153,9,3553,6,9600,3
"198","KOR",100,50,33.33333333,80,0,25,33.33333333,60,66.66666667,50,100,100,100,50.46,198,33.3333333333333,13180,27,3574,21,9606,6
"199","KOR",100,50,33.33333333,80,0,25,33.33333333,60,66.66666667,50,100,100,100,50.46,199,33.3333333333333,13207,27,3588,14,9619,13
"200","KOR",100,50,33.33333333,80,0,25,33.33333333,60,66.66666667,50,100,100,100,50.46,200,33.3333333333333,13244,37,3610,22,9634,15
"201","KOR",100,50,33.33333333,80,0,25,33.33333333,60,66.66666667,50,100,100,100,50.46,201,33.3333333333333,13259,15,3624,14,9635,1
"202","KOR",100,50,33.33333333,80,0,25,33.33333333,60,66.66666667,50,100,100,100,50.46,202,33.3333333333333,13297,38,3661,37,9636,1
"203","KOR",100,50,33.33333333,80,0,25,33.33333333,60,66.66666667,50,100,100,100,50.46,203,33.3333333333333,13332,35,3690,29,9642,6
"204","KOR",100,50,33.33333333,80,0,25,33.33333333,60,66.66666667,50,100,100,100,50.46,204,33.3333333333333,13354,22,3709,19,9645,3
"205","KOR",100,50,33.33333333,80,0,25,33.33333333,60,66.66666667,50,100,100,100,50.46,205,33.3333333333333,13385,31,3728,19,9657,12
"206","KOR",100,50,33.33333333,80,0,25,33.33333333,60,66.66666667,50,100,100,100,50.46,206,33.3333333333333,13431,46,3762,34,9669,12
"207","KOR",100,50,33.33333333,80,0,25,33.33333333,60,66.66666667,50,100,100,100,50.46,207,33.3333333333333,13484,53,3805,43,9679,10
"208","KOR",100,50,33.33333333,80,0,25,33.33333333,60,66.66666667,50,100,100,100,50.46,208,33.3333333333333,13580,96,3888,83,9692,13
"209","KOR",100,50,33.33333333,80,0,25,33.33333333,60,66.66666667,50,100,100,100,50.46,209,33.3333333333333,13744,164,4040,152,9704,12
"210","KOR",100,50,66.66666667,80,0,25,33.33333333,60,66.66666667,50,100,100,100,56.02,210,50,14023,279,4293,253,9730,26
"211","KOR",100,50,66.66666667,80,0,25,33.33333333,60,66.66666667,50,100,100,100,56.02,211,50,14218,195,4460,167,9758,28
"212","KOR",100,50,66.66666667,80,0,25,33.33333333,60,66.66666667,50,100,100,100,56.02,212,50,14458,240,4662,202,9796,38
"213","KOR",100,50,66.66666667,80,0,25,33.33333333,60,66.66666667,50,100,100,100,56.02,213,50,14753,295,4920,258,9833,37
"214","KOR",100,50,66.66666667,80,0,25,33.33333333,60,66.66666667,50,100,100,100,56.02,214,50,15039,286,5150,230,9889,56
"215","KOR",100,66.66666667,100,100,0,33.33333333,50,60,50,50,100,100,100,56.02,215,50,15360,321,5397,247,9963,74
"216","KOR",100,66.66666667,100,100,0,33.33333333,50,60,50,50,100,100,100,56.02,216,50,15688,328,5642,245,10046,83
"217","KOR",100,66.66666667,100,100,0,33.33333333,50,60,50,50,100,100,100,56.02,217,66.6666666666667,16081,393,5939,297,10142,96
